brand,model,year,title,predicted_path,starting_price,source,verified_on
Toyota,4Runner,2026,"2026 Toyota 4Runner Specs, Price & Trims",/2026/08/2026-toyota-4runner-specs-price-and-trims.html,"$42,270",https://www.toyota.com/4runner/,2026-09-14
Toyota,bZ,2027,"2027 Toyota bZ Specs, Price & Trims",/2026/08/2027-toyota-bz-specs-price-and-trims.html,"$34,980",https://www.toyota.com/vehicles/bz/2027,2026-09-14
Toyota,bZ Woodland,2027,"2027 Toyota bZ Woodland Specs, Price & Trims",/2026/08/2027-toyota-bz-woodland-specs-price-and-trims.html,"$45,380",https://www.toyota.com/vehicles/bzwoodland/2027,2026-09-14
Toyota,C-HR,2027,"2027 Toyota C-HR Specs, Price & Trims",/2026/08/2027-toyota-c-hr-specs-price-and-trims.html,"$37,080",https://www.toyota.com/vehicles/chr/2027,2026-09-14
Toyota,Camry,2026,"2026 Toyota Camry Specs, Price & Trims",/2026/08/2026-toyota-camry-specs-price-and-trims.html,"$29,600",https://www.toyota.com/camry/,2026-09-14
Toyota,Corolla,2027,"2027 Toyota Corolla Specs, Price & Trims",/2026/08/2027-toyota-corolla-specs-price-and-trims.html,"$23,325",https://www.toyota.com/vehicles/corolla/2027,2026-09-14
Toyota,Corolla Cross,2026,"2026 Toyota Corolla Cross Specs, Price & Trims",/2026/08/2026-toyota-corolla-cross-specs-price-and-trims.html,"$25,335",https://www.toyota.com/corollacross/,2026-09-14
Toyota,Corolla Hatchback,2027,"2027 Toyota Corolla Hatchback Specs, Price & Trims",/2026/08/2027-toyota-corolla-hatchback-specs-price-and-trims.html,"$24,780",https://www.toyota.com/vehicles/corollahatchback/2027,2026-09-14
Toyota,GR Corolla,2026,"2026 Toyota GR Corolla Specs, Price & Trims",/2026/08/2026-toyota-gr-corolla-specs-price-and-trims.html,"$40,520",https://www.toyota.com/grcorolla/,2026-09-14
Toyota,GR Supra,2026,"2026 Toyota GR Supra Specs, Price & Trims",/2026/08/2026-toyota-gr-supra-specs-price-and-trims.html,"$58,300",https://www.toyota.com/grsupra/,2026-09-14
Toyota,GR86,2027,"2027 Toyota GR86 Specs, Price & Trims",/2026/08/2027-toyota-gr86-specs-price-and-trims.html,"$31,500",https://www.toyota.com/vehicles/gr86/2027,2026-09-14
Toyota,Grand Highlander,2026,"2026 Toyota Grand Highlander Specs, Price & Trims",/2026/08/2026-toyota-grand-highlander-specs-price-and-trims.html,"$42,260",https://www.toyota.com/grandhighlander/,2026-09-14
Toyota,Highlander,2026,"2026 Toyota Highlander Specs, Price & Trims",/2026/08/2026-toyota-highlander-specs-price-and-trims.html,"$46,270",https://www.toyota.com/highlander/,2026-09-14
Toyota,Land Cruiser,2027,"2027 Toyota Land Cruiser Specs, Price & Trims",/2026/08/2027-toyota-land-cruiser-specs-price-and-trims.html,"$58,080",https://www.toyota.com/landcruiser/,2026-09-14
Toyota,Mirai,2026,"2026 Toyota Mirai Specs, Price & Trims",/2026/08/2026-toyota-mirai-specs-price-and-trims.html,"$51,795",https://www.toyota.com/mirai/,2026-09-14
Toyota,Prius,2027,"2027 Toyota Prius Specs, Price & Trims",/2026/08/2027-toyota-prius-specs-price-and-trims.html,"$28,755",https://www.toyota.com/prius/,2026-09-14
Toyota,Prius Plug-in Hybrid,2027,"2027 Toyota Prius Plug-in Hybrid Specs, Price & Trims",/2026/08/2027-toyota-prius-plug-in-hybrid-specs-price-and-trims.html,"$33,980",https://www.toyota.com/priuspluginhybrid/,2026-09-14
Toyota,RAV4,2026,"2026 Toyota RAV4 Specs, Price & Trims",/2026/08/2026-toyota-rav4-specs-price-and-trims.html,"$31,900",https://www.toyota.com/rav4/,2026-09-14
Toyota,RAV4 Plug-in Hybrid,2026,"2026 Toyota RAV4 Plug-in Hybrid Specs, Price & Trims",/2026/08/2026-toyota-rav4-plug-in-hybrid-specs-price-and-trims.html,"$41,500",https://www.toyota.com/rav4pluginhybrid/,2026-09-14
Toyota,Sequoia,2026,"2026 Toyota Sequoia Specs, Price & Trims",/2026/08/2026-toyota-sequoia-specs-price-and-trims.html,"$65,725",https://www.toyota.com/sequoia/,2026-09-14
Toyota,Sienna,2026,"2026 Toyota Sienna Specs, Price & Trims",/2026/08/2026-toyota-sienna-specs-price-and-trims.html,"$41,320",https://www.toyota.com/sienna/,2026-09-14
Toyota,Tacoma,2026,"2026 Toyota Tacoma Specs, Price & Trims",/2026/08/2026-toyota-tacoma-specs-price-and-trims.html,"$32,545",https://www.toyota.com/tacoma/,2026-09-14
Toyota,Toyota Crown,2027,"2027 Toyota Toyota Crown Specs, Price & Trims",/2026/08/2027-toyota-toyota-crown-specs-price-and-trims.html,"$41,640",https://www.toyota.com/vehicles/toyotacrown/2027,2026-09-14
Toyota,Toyota Crown Signia,2026,"2026 Toyota Toyota Crown Signia Specs, Price & Trims",/2026/08/2026-toyota-toyota-crown-signia-specs-price-and-trims.html,"$44,690",https://www.toyota.com/crownsignia/,2026-09-14
Toyota,Tundra,2026,"2026 Toyota Tundra Specs, Price & Trims",/2026/08/2026-toyota-tundra-specs-price-and-trims.html,"$41,260",https://www.toyota.com/tundra/,2026-09-14
Volkswagen,Atlas,2026,"2026 Volkswagen Atlas Specs, Price & Trims",/2026/08/2026-volkswagen-atlas-specs-price-and-trims.html,"$39,310",https://www.vw.com/en/builder.html/__app/atlas.app,2026-09-14
Volkswagen,Atlas Cross Sport,2026,"2026 Volkswagen Atlas Cross Sport Specs, Price & Trims",/2026/08/2026-volkswagen-atlas-cross-sport-specs-price-and-trims.html,"$38,300",https://www.vw.com/en/builder.html/__app/atlas-cross-sport.app,2026-09-14
Volkswagen,Tiguan,2026,"2026 Volkswagen Tiguan Specs, Price & Trims",/2026/08/2026-volkswagen-tiguan-specs-price-and-trims.html,"$30,805",https://www.vw.com/en/builder.html/__app/tiguan.app,2026-09-14
Volkswagen,Taos,2027,"2027 Volkswagen Taos Specs, Price & Trims",/2026/08/2027-volkswagen-taos-specs-price-and-trims.html,"$26,500",https://www.vw.com/en/builder.html/__app/taos.app,2026-09-14
Volkswagen,ID.4,2026,"2026 Volkswagen ID.4 Specs, Price & Trims",/2026/08/2026-volkswagen-id-4-specs-price-and-trims.html,"$45,095",https://www.vw.com/en/builder.html/__app/id-4.app,2026-09-14
Volkswagen,Jetta,2027,"2027 Volkswagen Jetta Specs, Price & Trims",/2026/08/2027-volkswagen-jetta-specs-price-and-trims.html,"$23,995",https://www.vw.com/en/builder.html/__app/jetta.app,2026-09-14
Volkswagen,Jetta GLI,2027,"2027 Volkswagen Jetta GLI Specs, Price & Trims",/2026/08/2027-volkswagen-jetta-gli-specs-price-and-trims.html,"$33,795",https://www.vw.com/en/builder.html/__app/jetta-gli.app,2026-09-14
Volkswagen,Golf R,2026,"2026 Volkswagen Golf R Specs, Price & Trims",/2026/08/2026-volkswagen-golf-r-specs-price-and-trims.html,"$49,455",https://www.vw.com/en/builder.html/__app/golf-r.app,2026-09-14
Volkswagen,Golf GTI,2026,"2026 Volkswagen Golf GTI Specs, Price & Trims",/2026/08/2026-volkswagen-golf-gti-specs-price-and-trims.html,"$34,590",https://www.vw.com/en/builder.html/__app/golf-gti.app,2026-09-14
Volkswagen,ID. Buzz,2025,"2025 Volkswagen ID. Buzz Specs, Price & Trims",/2026/08/2025-volkswagen-id-buzz-specs-price-and-trims.html,"$59,995",https://www.vw.com/en/builder.html/__app/id-buzz.app,2026-09-14
Ford,Escape,2026,"2026 Ford Escape Specs, Price & Trims",/2026/08/2026-ford-escape-specs-price-and-trims.html,"$30,350",https://www.ford.com/suvs-crossovers/escape/,2026-09-14
Ford,Bronco Sport,2026,"2026 Ford Bronco Sport Specs, Price & Trims",/2026/08/2026-ford-bronco-sport-specs-price-and-trims.html,"$32,340",https://www.ford.com/build-price/bronco-sport/choose-model/,2026-09-14
Ford,Mustang Mach-E,2026,"2026 Ford Mustang Mach-E Specs, Price & Trims",/2026/08/2026-ford-mustang-mach-e-specs-price-and-trims.html,"$38,290",https://www.ford.com/build-price/mach-e/choose-model/,2026-09-14
Ford,Explorer,2027,"2027 Ford Explorer Specs, Price & Trims",/2026/08/2027-ford-explorer-specs-price-and-trims.html,"$38,860",https://www.ford.com/build-price/explorer/choose-model/,2026-09-14
Ford,Bronco,2026,"2026 Ford Bronco Specs, Price & Trims",/2026/08/2026-ford-bronco-specs-price-and-trims.html,"$40,795",https://www.ford.com/build-price/bronco/choose-model/,2026-09-14
Ford,Expedition,2027,"2027 Ford Expedition Specs, Price & Trims",/2026/08/2027-ford-expedition-specs-price-and-trims.html,"$64,095",https://www.ford.com/build-price/expedition/choose-model/,2026-09-14
Ford,Maverick,2026,"2026 Ford Maverick Specs, Price & Trims",/2026/08/2026-ford-maverick-specs-price-and-trims.html,"$27,145",https://www.ford.com/build-price/maverick/choose-model/,2026-09-14
Ford,Ranger,2026,"2026 Ford Ranger Specs, Price & Trims",/2026/08/2026-ford-ranger-specs-price-and-trims.html,"$33,550",https://www.ford.com/build-price/ranger/choose-model/,2026-09-14
Ford,F-150,2026,"2026 Ford F-150 Specs, Price & Trims",/2026/08/2026-ford-f-150-specs-price-and-trims.html,"$37,290",https://www.ford.com/build-price/f150/choose-model/,2026-09-14
Ford,Super Duty,2027,"2027 Ford Super Duty Specs, Price & Trims",/2026/08/2027-ford-super-duty-specs-price-and-trims.html,"$45,975",https://www.ford.com/build-price/superduty/choose-model/,2026-09-14
Ford,Transit,2027,"2027 Ford Transit Specs, Price & Trims",/2026/08/2027-ford-transit-specs-price-and-trims.html,"$48,400",https://www.ford.com/commercial-trucks/transit-cargo-van/,2026-09-14
Ford,Mustang,2026,"2026 Ford Mustang Specs, Price & Trims",/2026/08/2026-ford-mustang-specs-price-and-trims.html,"$33,490",https://www.ford.com/build-price/mustang/choose-model/,2026-09-14
Honda,HR-V,2027,"2027 Honda HR-V Specs, Price & Trims",/2026/08/2027-honda-hr-v-specs-price-and-trims.html,"$26,600",https://automobiles.honda.com/hr-v/specs-features-trim-comparison,2026-09-14
Honda,CR-V,2027,"2027 Honda CR-V Specs, Price & Trims",/2026/08/2027-honda-cr-v-specs-price-and-trims.html,"$31,520",https://automobiles.honda.com/cr-v/specs-features-trim-comparison,2026-09-14
Honda,Prologue,2026,"2026 Honda Prologue Specs, Price & Trims",/2026/08/2026-honda-prologue-specs-price-and-trims.html,"$39,900",https://automobiles.honda.com/prologue,2026-09-14
Honda,Pilot,2026,"2026 Honda Pilot Specs, Price & Trims",/2026/08/2026-honda-pilot-specs-price-and-trims.html,"$42,395",https://automobiles.honda.com/tools/build-and-price-trimwalk?modelseries=pilot&modelyear=2026,2026-09-14
Honda,Passport,2026,"2026 Honda Passport Specs, Price & Trims",/2026/08/2026-honda-passport-specs-price-and-trims.html,"$44,950",https://automobiles.honda.com/passport,2026-09-14
Honda,CR-V e:FCEV,2026,"2026 Honda CR-V e:FCEV Specs, Price & Trims",/2026/08/2026-honda-cr-v-e-fcev-specs-price-and-trims.html,"$50,000",https://automobiles.honda.com/cr-v-fcev/specs-features-trim-comparison,2026-09-14
Honda,Civic Sedan,2026,"2026 Honda Civic Sedan Specs, Price & Trims",/2026/08/2026-honda-civic-sedan-specs-price-and-trims.html,"$24,695",https://automobiles.honda.com/civic-sedan/specs-features-trim-comparison,2026-09-14
Honda,Civic Hatchback,2026,"2026 Honda Civic Hatchback Specs, Price & Trims",/2026/08/2026-honda-civic-hatchback-specs-price-and-trims.html,"$27,895",https://automobiles.honda.com/civic-hatchback/specs-features-trim-comparison,2026-09-14
Honda,Civic Si,2026,"2026 Honda Civic Si Specs, Price & Trims",/2026/08/2026-honda-civic-si-specs-price-and-trims.html,"$31,495",https://automobiles.honda.com/civic-si-sedan/specs-features-trim-comparison,2026-09-14
Honda,Civic Type R,2026,"2026 Honda Civic Type R Specs, Price & Trims",/2026/08/2026-honda-civic-type-r-specs-price-and-trims.html,"$47,395",https://automobiles.honda.com/tools/build-and-price,2026-09-14
Honda,Accord,2026,"2026 Honda Accord Specs, Price & Trims",/2026/08/2026-honda-accord-specs-price-and-trims.html,"$28,395",https://automobiles.honda.com/accord-sedan/specs-features-trim-comparison,2026-09-14
Honda,Prelude,2027,"2027 Honda Prelude Specs, Price & Trims",/2026/08/2027-honda-prelude-specs-price-and-trims.html,"$42,400",https://automobiles.honda.com/prelude/specs-features-trim-comparison,2026-09-14
Honda,Ridgeline,2026,"2026 Honda Ridgeline Specs, Price & Trims",/2026/08/2026-honda-ridgeline-specs-price-and-trims.html,"$40,795",https://automobiles.honda.com/ridgeline/specs-features-trim-comparison,2026-09-14
Honda,Odyssey,2027,"2027 Honda Odyssey Specs, Price & Trims",/2026/08/2027-honda-odyssey-specs-price-and-trims.html,"$43,195",https://automobiles.honda.com/odyssey/specs-features-trim-comparison,2026-09-14
Chevrolet,Trax,2026,"2026 Chevrolet Trax Specs, Price & Trims",/2026/08/2026-chevrolet-trax-specs-price-and-trims.html,"$21,700",https://www.chevrolet.com/suvs/trax,2026-09-14
Chevrolet,Trailblazer,2026,"2026 Chevrolet Trailblazer Specs, Price & Trims",/2026/08/2026-chevrolet-trailblazer-specs-price-and-trims.html,"$23,300",https://www.chevrolet.com/suvs/trailblazer,2026-09-14
Chevrolet,Equinox,2027,"2027 Chevrolet Equinox Specs, Price & Trims",/2026/08/2027-chevrolet-equinox-specs-price-and-trims.html,"$29,000",https://www.chevrolet.com/suvs/equinox,2026-09-14
Chevrolet,Blazer,2026,"2026 Chevrolet Blazer Specs, Price & Trims",/2026/08/2026-chevrolet-blazer-specs-price-and-trims.html,"$34,300",https://www.chevrolet.com/suvs/blazer,2026-09-14
Chevrolet,Traverse,2027,"2027 Chevrolet Traverse Specs, Price & Trims",/2026/08/2027-chevrolet-traverse-specs-price-and-trims.html,"$40,800",https://www.chevrolet.com/suvs/traverse,2026-09-14
Chevrolet,Tahoe,2026,"2026 Chevrolet Tahoe Specs, Price & Trims",/2026/08/2026-chevrolet-tahoe-specs-price-and-trims.html,"$60,700",https://www.chevrolet.com/suvs/tahoe,2026-09-14
Chevrolet,Suburban,2026,"2026 Chevrolet Suburban Specs, Price & Trims",/2026/08/2026-chevrolet-suburban-specs-price-and-trims.html,"$63,700",https://www.chevrolet.com/suvs/suburban,2026-09-14
Chevrolet,Colorado,2026,"2026 Chevrolet Colorado Specs, Price & Trims",/2026/08/2026-chevrolet-colorado-specs-price-and-trims.html,"$32,400",https://www.chevrolet.com/trucks/colorado,2026-09-14
Chevrolet,Silverado 1500,2026,"2026 Chevrolet Silverado 1500 Specs, Price & Trims",/2026/08/2026-chevrolet-silverado-1500-specs-price-and-trims.html,"$36,900",https://www.chevrolet.com/trucks/silverado/1500,2026-09-14
Chevrolet,Silverado HD,2026,"2026 Chevrolet Silverado HD Specs, Price & Trims",/2026/08/2026-chevrolet-silverado-hd-specs-price-and-trims.html,"$45,900",https://www.chevrolet.com/trucks/silverado/2500hd-3500hd,2026-09-14
Chevrolet,Silverado EV,2026,"2026 Chevrolet Silverado EV Specs, Price & Trims",/2026/08/2026-chevrolet-silverado-ev-specs-price-and-trims.html,"$55,895",https://www.chevrolet.com/electric/silverado-ev,2026-09-14
Chevrolet,Equinox EV,2027,"2027 Chevrolet Equinox EV Specs, Price & Trims",/2026/08/2027-chevrolet-equinox-ev-specs-price-and-trims.html,"$34,995",https://www.chevrolet.com/electric/equinox-ev,2026-09-14
Chevrolet,Blazer EV,2027,"2027 Chevrolet Blazer EV Specs, Price & Trims",/2026/08/2027-chevrolet-blazer-ev-specs-price-and-trims.html,"$44,700",https://www.chevrolet.com/electric/blazer-ev,2026-09-14
Chevrolet,Corvette,2027,"2027 Chevrolet Corvette Specs, Price & Trims",/2026/08/2027-chevrolet-corvette-specs-price-and-trims.html,"$71,000",https://www.chevrolet.com/performance/corvette,2026-09-14
Chevrolet,Bolt,2027,"2027 Chevrolet Bolt Specs, Price & Trims",/2026/08/2027-chevrolet-bolt-specs-price-and-trims.html,"$27,600",https://www.chevrolet.com/electric/bolt-ev,2026-09-14
Nissan,Kicks,2027,"2027 Nissan Kicks Specs, Price & Trims",/2026/08/2027-nissan-kicks-specs-price-and-trims.html,"$22,790",https://www.nissanusa.com/vehicles/crossovers-suvs/kicks/specs-trims.html,2026-09-14
Nissan,Rogue,2026,"2026 Nissan Rogue Specs, Price & Trims",/2026/08/2026-nissan-rogue-specs-price-and-trims.html,"$29,490",https://www.nissanusa.com/vehicles/crossovers-suvs/rogue/specs-trims.html,2026-09-14
Nissan,LEAF,2026,"2026 Nissan LEAF Specs, Price & Trims",/2026/08/2026-nissan-leaf-specs-price-and-trims.html,"$29,990",https://www.nissanusa.com/vehicles/electric-cars/leaf/specs-trims.html,2026-09-14
Nissan,Pathfinder,2026,"2026 Nissan Pathfinder Specs, Price & Trims",/2026/08/2026-nissan-pathfinder-specs-price-and-trims.html,"$39,990",https://www.nissanusa.com/vehicles/crossovers-suvs/pathfinder/specs-trims.html,2026-09-14
Nissan,Murano,2027,"2027 Nissan Murano Specs, Price & Trims",/2026/08/2027-nissan-murano-specs-price-and-trims.html,"$43,990",https://www.nissanusa.com/vehicles/crossovers-suvs/murano/specs-trims.html,2026-09-14
Nissan,Rogue Plug-in Hybrid,2026,"2026 Nissan Rogue Plug-in Hybrid Specs, Price & Trims",/2026/08/2026-nissan-rogue-plug-in-hybrid-specs-price-and-trims.html,"$45,990",https://www.nissanusa.com/vehicles/crossovers-suvs/rogue-plug-in-hybrid/specs-trims.html,2026-09-14
Nissan,Armada,2026,"2026 Nissan Armada Specs, Price & Trims",/2026/08/2026-nissan-armada-specs-price-and-trims.html,"$58,840",https://www.nissanusa.com/vehicles/crossovers-suvs/armada.html,2026-09-14
Nissan,Versa,2025,"2025 Nissan Versa Specs, Price & Trims",/2026/08/2025-nissan-versa-specs-price-and-trims.html,"$17,390",https://www.nissanusa.com/vehicles/cars/versa-sedan/specs-trims.html,2026-09-14
Nissan,Sentra,2027,"2027 Nissan Sentra Specs, Price & Trims",/2026/08/2027-nissan-sentra-specs-price-and-trims.html,"$22,890",https://www.nissanusa.com/vehicles/cars/sentra/specs-trims.html,2026-09-14
Nissan,Altima,2026,"2026 Nissan Altima Specs, Price & Trims",/2026/08/2026-nissan-altima-specs-price-and-trims.html,"$27,580",https://www.nissanusa.com/vehicles/cars/altima/specs-trims.html,2026-09-14
Nissan,Frontier,2026,"2026 Nissan Frontier Specs, Price & Trims",/2026/08/2026-nissan-frontier-specs-price-and-trims.html,"$33,550",https://www.nissanusa.com/vehicles/trucks/frontier/specs-trims.html,2026-09-14
Nissan,Nissan Z,2027,"2027 Nissan Nissan Z Specs, Price & Trims",/2026/08/2027-nissan-nissan-z-specs-price-and-trims.html,"$44,480",https://www.nissanusa.com/vehicles/sports-cars/nissan-z/specs-trims.html,2026-09-14
Hyundai,Venue,2026,"2026 Hyundai Venue Specs, Price & Trims",/2026/08/2026-hyundai-venue-specs-price-and-trims.html,"$20,550",https://www.hyundaiusa.com/us/en/vehicles/venue/compare-specs,2026-09-14
Hyundai,Kona,2026,"2026 Hyundai Kona Specs, Price & Trims",/2026/08/2026-hyundai-kona-specs-price-and-trims.html,"$25,500",https://www.hyundaiusa.com/us/en/vehicles/kona/compare-specs,2026-09-14
Hyundai,Tucson,2026,"2026 Hyundai Tucson Specs, Price & Trims",/2026/08/2026-hyundai-tucson-specs-price-and-trims.html,"$29,700",https://www.hyundaiusa.com/us/en/vehicles/tucson/compare-specs,2026-09-14
Hyundai,Santa Fe,2027,"2027 Hyundai Santa Fe Specs, Price & Trims",/2026/08/2027-hyundai-santa-fe-specs-price-and-trims.html,"$35,300",https://www.hyundaiusa.com/us/en/vehicles/santa-fe/compare-specs,2026-09-14
Hyundai,Palisade,2027,"2027 Hyundai Palisade Specs, Price & Trims",/2026/08/2027-hyundai-palisade-specs-price-and-trims.html,"$39,735",https://www.hyundaiusa.com/us/en/vehicles/palisade/compare-specs,2026-09-14
Hyundai,Santa Cruz,2026,"2026 Hyundai Santa Cruz Specs, Price & Trims",/2026/08/2026-hyundai-santa-cruz-specs-price-and-trims.html,"$29,750",https://www.hyundaiusa.com/us/en/vehicles/santa-cruz/compare-specs,2026-09-14
Hyundai,Elantra,2026,"2026 Hyundai Elantra Specs, Price & Trims",/2026/08/2026-hyundai-elantra-specs-price-and-trims.html,"$22,825",https://www.hyundaiusa.com/us/en/vehicles/elantra/compare-specs,2026-09-14
Hyundai,Sonata,2026,"2026 Hyundai Sonata Specs, Price & Trims",/2026/08/2026-hyundai-sonata-specs-price-and-trims.html,"$27,450",https://www.hyundaiusa.com/us/en/vehicles/sonata/compare-specs,2026-09-14
Hyundai,IONIQ 5,2026,"2026 Hyundai IONIQ 5 Specs, Price & Trims",/2026/08/2026-hyundai-ioniq-5-specs-price-and-trims.html,"$35,000",https://www.hyundaiusa.com/us/en/vehicles/ioniq-5/compare-specs,2026-09-14
Hyundai,IONIQ 5 N,2026,"2026 Hyundai IONIQ 5 N Specs, Price & Trims",/2026/08/2026-hyundai-ioniq-5-n-specs-price-and-trims.html,"$59,900",https://www.hyundaiusa.com/us/en/vehicles/ioniq-5-n,2026-09-14
Hyundai,IONIQ 6,2025,"2025 Hyundai IONIQ 6 Specs, Price & Trims",/2026/08/2025-hyundai-ioniq-6-specs-price-and-trims.html,"$37,850",https://www.hyundaiusa.com/us/en/vehicles/ioniq-6/compare-specs,2026-09-14
Hyundai,IONIQ 9,2026,"2026 Hyundai IONIQ 9 Specs, Price & Trims",/2026/08/2026-hyundai-ioniq-9-specs-price-and-trims.html,"$58,955",https://www.hyundaiusa.com/us/en/vehicles/ioniq-9/compare-specs,2026-09-14
Hyundai,Kona Electric,2025,"2025 Hyundai Kona Electric Specs, Price & Trims",/2026/08/2025-hyundai-kona-electric-specs-price-and-trims.html,"$32,975",https://www.hyundaiusa.com/us/en/vehicles/kona-electric/compare-specs,2026-09-14
Kia,Telluride,2027,"2027 Kia Telluride Specs, Price & Trims",/2026/08/2027-kia-telluride-specs-price-and-trims.html,"$39,190",https://www.kia.com/us/en/telluride/specs-compare,2026-09-14
Kia,EV6,2026,"2026 Kia EV6 Specs, Price & Trims",/2026/08/2026-kia-ev6-specs-price-and-trims.html,"$37,900",https://www.kia.com/us/en/ev6,2026-09-14
Kia,Carnival,2027,"2027 Kia Carnival Specs, Price & Trims",/2026/08/2027-kia-carnival-specs-price-and-trims.html,"$37,490",https://www.kia.com/us/en/carnival-mpv,2026-09-14
Kia,Sorento,2026,"2026 Kia Sorento Specs, Price & Trims",/2026/08/2026-kia-sorento-specs-price-and-trims.html,"$32,390",https://www.kia.com/us/en/sorento/specs-compare,2026-09-14
Kia,EV9,2026,"2026 Kia EV9 Specs, Price & Trims",/2026/08/2026-kia-ev9-specs-price-and-trims.html,"$54,900",https://www.kia.com/us/en/ev9/specs-compare,2026-09-14
Kia,Niro,2027,"2027 Kia Niro Specs, Price & Trims",/2026/08/2027-kia-niro-specs-price-and-trims.html,"$29,890",https://www.kia.com/us/en/niro,2026-09-14
Kia,EV3,2027,"2027 Kia EV3 Specs, Price & Trims",/2026/08/2027-kia-ev3-specs-price-and-trims.html,"$29,890",https://www.kiamedia.com/us/en/media/pressreleases/25004/kia-announces-pricing-for-2027-ev3,2026-09-14
Kia,Sportage,2027,"2027 Kia Sportage Specs, Price & Trims",/2026/08/2027-kia-sportage-specs-price-and-trims.html,"$28,990",https://www.kia.com/us/en/sportage-hybrid,2026-09-14
Kia,K5,2027,"2027 Kia K5 Specs, Price & Trims",/2026/08/2027-kia-k5-specs-price-and-trims.html,"$27,690",https://www.kia.com/us/en/k5,2026-09-14
Kia,K4,2026,"2026 Kia K4 Specs, Price & Trims",/2026/08/2026-kia-k4-specs-price-and-trims.html,"$22,290",https://www.kiamedia.com/us/en/models/k4/2026/pricing,2026-09-14
Kia,K4 Hatchback,2026,"2026 Kia K4 Hatchback Specs, Price & Trims",/2026/08/2026-kia-k4-hatchback-specs-price-and-trims.html,"$24,990",https://www.kiamedia.com/us/en/models/k4-hatchback/2026/pricing,2026-09-14
Kia,Seltos,2027,"2027 Kia Seltos Specs, Price & Trims",/2026/08/2027-kia-seltos-specs-price-and-trims.html,"$24,990",https://www.kiamedia.com/us/en/models/seltos/2027/pricing,2026-09-14
Kia,Niro EV,2026,"2026 Kia Niro EV Specs, Price & Trims",/2026/08/2026-kia-niro-ev-specs-price-and-trims.html,"$39,700",https://www.kia.com/us/en/niro-ev,2026-09-14
Tesla,Model 3,2026,"2026 Tesla Model 3 Specs, Price & Trims",/2026/08/2026-tesla-model-3-specs-price-and-trims.html,"$36,990",https://www.tesla.com/model3,2026-09-14
Tesla,Model Y,2026,"2026 Tesla Model Y Specs, Price & Trims",/2026/08/2026-tesla-model-y-specs-price-and-trims.html,"$39,990",https://www.tesla.com/modely,2026-09-14
Tesla,Cybertruck,2026,"2026 Tesla Cybertruck Specs, Price & Trims",/2026/08/2026-tesla-cybertruck-specs-price-and-trims.html,"$74,990",https://www.tesla.com/cybertruck/design,2026-09-14
BMW,X1,2027,"2027 BMW X1 Specs, Price & Trims",/2026/08/2027-bmw-x1-specs-price-and-trims.html,"$43,200",https://www.bmwusa.com/all-bmws.html,2026-09-14
BMW,X2,2027,"2027 BMW X2 Specs, Price & Trims",/2026/08/2027-bmw-x2-specs-price-and-trims.html,"$44,700",https://www.bmwusa.com/all-bmws.html,2026-09-14
BMW,X3,2027,"2027 BMW X3 Specs, Price & Trims",/2026/08/2027-bmw-x3-specs-price-and-trims.html,"$51,300",https://www.bmwusa.com/all-bmws.html,2026-09-14
BMW,X5,2027,"2027 BMW X5 Specs, Price & Trims",/2026/08/2027-bmw-x5-specs-price-and-trims.html,"$68,300",https://www.bmwusa.com/all-bmws.html,2026-09-14
BMW,X6,2027,"2027 BMW X6 Specs, Price & Trims",/2026/08/2027-bmw-x6-specs-price-and-trims.html,"$77,300",https://www.bmwusa.com/all-bmws.html,2026-09-14
BMW,X7,2027,"2027 BMW X7 Specs, Price & Trims",/2026/08/2027-bmw-x7-specs-price-and-trims.html,"$87,500",https://www.bmwusa.com/all-bmws.html,2026-09-14
BMW,XM,2027,"2027 BMW XM Specs, Price & Trims",/2026/08/2027-bmw-xm-specs-price-and-trims.html,"$159,600",https://www.bmwusa.com/all-bmws.html,2026-09-14
BMW,iX3,2027,"2027 BMW iX3 Specs, Price & Trims",/2026/08/2027-bmw-ix3-specs-price-and-trims.html,"$61,500",https://www.bmwusa.com/all-bmws.html,2026-09-14
BMW,iX,2026,"2026 BMW iX Specs, Price & Trims",/2026/08/2026-bmw-ix-specs-price-and-trims.html,"$75,150",https://www.bmwusa.com/all-bmws.html,2026-09-14
BMW,2 Series,2027,"2027 BMW 2 Series Specs, Price & Trims",/2026/08/2027-bmw-2-series-specs-price-and-trims.html,"$40,000",https://www.bmwusa.com/all-bmws.html,2026-09-14
BMW,3 Series,2027,"2027 BMW 3 Series Specs, Price & Trims",/2026/08/2027-bmw-3-series-specs-price-and-trims.html,"$48,000",https://www.bmwusa.com/all-bmws.html,2026-09-14
BMW,4 Series,2027,"2027 BMW 4 Series Specs, Price & Trims",/2026/08/2027-bmw-4-series-specs-price-and-trims.html,"$51,200",https://www.bmwusa.com/all-bmws.html,2026-09-14
BMW,5 Series,2027,"2027 BMW 5 Series Specs, Price & Trims",/2026/08/2027-bmw-5-series-specs-price-and-trims.html,"$60,500",https://www.bmwusa.com/all-bmws.html,2026-09-14
BMW,7 Series,2027,"2027 BMW 7 Series Specs, Price & Trims",/2026/08/2027-bmw-7-series-specs-price-and-trims.html,"$99,800",https://www.bmwusa.com/vehicles/7-series/sedan/bmw-7-series-sedan.html,2026-09-14
BMW,i4,2027,"2027 BMW i4 Specs, Price & Trims",/2026/08/2027-bmw-i4-specs-price-and-trims.html,"$57,900",https://www.bmwusa.com/all-bmws.html,2026-09-14
BMW,i5,2027,"2027 BMW i5 Specs, Price & Trims",/2026/08/2027-bmw-i5-specs-price-and-trims.html,"$67,100",https://www.bmwusa.com/all-bmws.html,2026-09-14
BMW,i7,2027,"2027 BMW i7 Specs, Price & Trims",/2026/08/2027-bmw-i7-specs-price-and-trims.html,"$106,200",https://www.bmwusa.com/all-bmws.html,2026-09-14
BMW,M2,2027,"2027 BMW M2 Specs, Price & Trims",/2026/08/2027-bmw-m2-specs-price-and-trims.html,"$69,500",https://www.bmwusa.com/all-bmws.html,2026-09-14
BMW,M3,2027,"2027 BMW M3 Specs, Price & Trims",/2026/08/2027-bmw-m3-specs-price-and-trims.html,"$79,300",https://www.bmwusa.com/vehicles/m-series/m3-series/bmw-m3-sedan.html,2026-09-14
BMW,M4,2027,"2027 BMW M4 Specs, Price & Trims",/2026/08/2027-bmw-m4-specs-price-and-trims.html,"$82,200",https://www.bmwusa.com/all-bmws.html,2026-09-14
BMW,M5,2027,"2027 BMW M5 Specs, Price & Trims",/2026/08/2027-bmw-m5-specs-price-and-trims.html,"$123,300",https://www.bmwusa.com/all-bmws.html,2026-09-14
Mercedes-Benz,CLA,2027,"2027 Mercedes-Benz CLA Specs, Price & Trims",/2026/08/2027-mercedes-benz-cla-specs-price-and-trims.html,"$43,900",https://www.mbusa.com/en/vehicles/class/cla/sedan,2026-09-14
Mercedes-Benz,C-Class,2027,"2027 Mercedes-Benz C-Class Specs, Price & Trims",/2026/08/2027-mercedes-benz-c-class-specs-price-and-trims.html,"$49,650",https://www.mbusa.com/en/vehicles/class/c-class/sedan,2026-09-14
Mercedes-Benz,E-Class,2027,"2027 Mercedes-Benz E-Class Specs, Price & Trims",/2026/08/2027-mercedes-benz-e-class-specs-price-and-trims.html,"$65,200",https://www.mbusa.com/en/vehicles/class/e-class/sedan,2026-09-14
Mercedes-Benz,S-Class,2027,"2027 Mercedes-Benz S-Class Specs, Price & Trims",/2026/08/2027-mercedes-benz-s-class-specs-price-and-trims.html,"$112,550",https://www.mbusa.com/en/vehicles/class/s-class/sedan,2026-09-14
Mercedes-Benz,E-Class Wagon,2027,"2027 Mercedes-Benz E-Class Wagon Specs, Price & Trims",/2026/08/2027-mercedes-benz-e-class-wagon-specs-price-and-trims.html,"$80,000",https://www.mbusa.com/en/vehicles/class/e-class/wagon,2026-09-14
Mercedes-Benz,CLE Coupe,2027,"2027 Mercedes-Benz CLE Coupe Specs, Price & Trims",/2026/08/2027-mercedes-benz-cle-coupe-specs-price-and-trims.html,"$60,900",https://www.mbusa.com/en/vehicles/class/cle/coupe,2026-09-14
Mercedes-Benz,CLE Cabriolet,2027,"2027 Mercedes-Benz CLE Cabriolet Specs, Price & Trims",/2026/08/2027-mercedes-benz-cle-cabriolet-specs-price-and-trims.html,"$69,400",https://www.mbusa.com/en/vehicles/class/cle/cabriolet,2026-09-14
Mercedes-Benz,AMG GT Coupe,2027,"2027 Mercedes-Benz AMG GT Coupe Specs, Price & Trims",/2026/08/2027-mercedes-benz-amg-gt-coupe-specs-price-and-trims.html,"$108,850",https://www.mbusa.com/en/vehicles/class/amg-gt/coupe,2026-09-14
Mercedes-Benz,SL Roadster,2027,"2027 Mercedes-Benz SL Roadster Specs, Price & Trims",/2026/08/2027-mercedes-benz-sl-roadster-specs-price-and-trims.html,"$114,900",https://www.mbusa.com/en/vehicles/class/sl/roadster,2026-09-14
Mercedes-Benz,GLA,2027,"2027 Mercedes-Benz GLA Specs, Price & Trims",/2026/08/2027-mercedes-benz-gla-specs-price-and-trims.html,"$41,500",https://www.mbusa.com/en/vehicles/class/gla/suv,2026-09-14
Mercedes-Benz,GLB,2027,"2027 Mercedes-Benz GLB Specs, Price & Trims",/2026/08/2027-mercedes-benz-glb-specs-price-and-trims.html,"$43,800",https://www.mbusa.com/en/vehicles/class/glb/suv,2026-09-14
Mercedes-Benz,GLC,2027,"2027 Mercedes-Benz GLC Specs, Price & Trims",/2026/08/2027-mercedes-benz-glc-specs-price-and-trims.html,"$52,400",https://www.mbusa.com/en/vehicles/class/glc/suv,2026-09-14
Mercedes-Benz,GLC Coupe,2027,"2027 Mercedes-Benz GLC Coupe Specs, Price & Trims",/2026/08/2027-mercedes-benz-glc-coupe-specs-price-and-trims.html,"$62,950",https://www.mbusa.com/en/vehicles/class/glc/coupe,2026-09-14
Mercedes-Benz,GLE SUV,2027,"2027 Mercedes-Benz GLE SUV Specs, Price & Trims",/2026/08/2027-mercedes-benz-gle-suv-specs-price-and-trims.html,"$68,400",https://www.mbusa.com/en/vehicles/class/gle/suv,2026-09-14
Mercedes-Benz,GLE Coupe,2027,"2027 Mercedes-Benz GLE Coupe Specs, Price & Trims",/2026/08/2027-mercedes-benz-gle-coupe-specs-price-and-trims.html,"$81,200",https://www.mbusa.com/en/vehicles/class/gle/coupe,2026-09-14
Mercedes-Benz,GLS,2027,"2027 Mercedes-Benz GLS Specs, Price & Trims",/2026/08/2027-mercedes-benz-gls-specs-price-and-trims.html,"$90,250",https://www.mbusa.com/en/vehicles/class/gls/suv,2026-09-14
Mercedes-Benz,G-Class,2027,"2027 Mercedes-Benz G-Class Specs, Price & Trims",/2026/08/2027-mercedes-benz-g-class-specs-price-and-trims.html,"$153,900",https://www.mbusa.com/en/vehicles/class/g-class/suv,2026-09-14
Mercedes-Benz,EQB,2025,"2025 Mercedes-Benz EQB Specs, Price & Trims",/2026/08/2025-mercedes-benz-eqb-specs-price-and-trims.html,"$53,050",https://www.mbusa.com/en/vehicles/class/eqb/suv,2026-09-14
Mercedes-Benz,EQE Sedan,2026,"2026 Mercedes-Benz EQE Sedan Specs, Price & Trims",/2026/08/2026-mercedes-benz-eqe-sedan-specs-price-and-trims.html,"$64,950",https://www.mbusa.com/en/vehicles/class/eqe/sedan,2026-09-14
Mercedes-Benz,EQE SUV,2026,"2026 Mercedes-Benz EQE SUV Specs, Price & Trims",/2026/08/2026-mercedes-benz-eqe-suv-specs-price-and-trims.html,"$64,950",https://www.mbusa.com/en/vehicles/class/eqe/suv,2026-09-14
Mercedes-Benz,EQS Sedan,2026,"2026 Mercedes-Benz EQS Sedan Specs, Price & Trims",/2026/08/2026-mercedes-benz-eqs-sedan-specs-price-and-trims.html,"$101,450",https://www.mbusa.com/en/vehicles/class/eqs/sedan,2026-09-14
Mercedes-Benz,EQS SUV,2026,"2026 Mercedes-Benz EQS SUV Specs, Price & Trims",/2026/08/2026-mercedes-benz-eqs-suv-specs-price-and-trims.html,"$89,950",https://www.mbusa.com/en/vehicles/class/eqs/suv,2026-09-14
Mercedes-Benz,GLC Electric,2027,"2027 Mercedes-Benz GLC Electric Specs, Price & Trims",/2026/08/2027-mercedes-benz-glc-electric-specs-price-and-trims.html,"$63,500",https://www.mbusa.com/en/vehicles/class/glc/electric,2026-09-14
Mercedes-Benz,Mercedes-Maybach S-Class,2027,"2027 Mercedes-Benz Mercedes-Maybach S-Class Specs, Price & Trims",/2026/08/2027-mercedes-benz-mercedes-maybach-s-class-specs-price-and-trims.html,Price coming soon,https://www.mbusa.com/en/vehicles/class/maybach-s-class/sedan,2026-09-14
Mercedes-Benz,Mercedes-Maybach GLS,2027,"2027 Mercedes-Benz Mercedes-Maybach GLS Specs, Price & Trims",/2026/08/2027-mercedes-benz-mercedes-maybach-gls-specs-price-and-trims.html,"$180,000",https://www.mbusa.com/en/vehicles/class/maybach-gls/suv,2026-09-14
Mercedes-Benz,Mercedes-Maybach EQS SUV,2026,"2026 Mercedes-Benz Mercedes-Maybach EQS SUV Specs, Price & Trims",/2026/08/2026-mercedes-benz-mercedes-maybach-eqs-suv-specs-price-and-trims.html,"$180,000",https://www.mbusa.com/en/vehicles/class/maybach-eqs/suv,2026-09-14
Audi,Q9,2027,"2027 Audi Q9 Specs, Price & Trims",/2026/08/2027-audi-q9-specs-price-and-trims.html,"$87,700",https://www.audiusa.com/en/models/q9/q9/2027/overview/,2026-09-14
Audi,Q7,2027,"2027 Audi Q7 Specs, Price & Trims",/2026/08/2027-audi-q7-specs-price-and-trims.html,"$70,900",https://www.audiusa.com/en/models/q7/q7/2027/overview/,2026-09-14
Audi,Nuvolari,2027,"2027 Audi Nuvolari Specs, Price & Trims",/2026/08/2027-audi-nuvolari-specs-price-and-trims.html,Price not announced,https://www.audiusa.com/en/models/nuvolari/intro/,2026-09-14
Audi,Q3,2027,"2027 Audi Q3 Specs, Price & Trims",/2026/08/2027-audi-q3-specs-price-and-trims.html,"$44,400",https://www.audiusa.com/en/models/q3/q3/2027/overview/,2026-09-14
Audi,Q5,2026,"2026 Audi Q5 Specs, Price & Trims",/2026/08/2026-audi-q5-specs-price-and-trims.html,"$52,800",https://www.audiusa.com/en/models/q5/q5/2026/overview/,2026-09-14
Audi,Q8,2027,"2027 Audi Q8 Specs, Price & Trims",/2026/08/2027-audi-q8-specs-price-and-trims.html,"$76,900",https://www.audiusa.com/en/models/q8/q8/2027/overview/,2026-09-14
Audi,A3,2026,"2026 Audi A3 Specs, Price & Trims",/2026/08/2026-audi-a3-specs-price-and-trims.html,"$40,100",https://www.audiusa.com/en/models/a3/a3/2026/overview/,2026-09-14
Audi,A5,2026,"2026 Audi A5 Specs, Price & Trims",/2026/08/2026-audi-a5-specs-price-and-trims.html,"$50,200",https://www.audiusa.com/en/models/a5/a5/2026/overview/,2026-09-14
Audi,A6,2026,"2026 Audi A6 Specs, Price & Trims",/2026/08/2026-audi-a6-specs-price-and-trims.html,"$64,100",https://www.audiusa.com/en/models/a6/a6-sedan/2026/overview/,2026-09-14
Audi,A7,2026,"2026 Audi A7 Specs, Price & Trims",/2026/08/2026-audi-a7-specs-price-and-trims.html,"$130,700",https://www.audiusa.com/en/models/a7/rs7/2026/overview/,2026-09-14
Audi,A8,2027,"2027 Audi A8 Specs, Price & Trims",/2026/08/2027-audi-a8-specs-price-and-trims.html,"$95,100",https://www.audiusa.com/en/models/a8/a8-sedan/2027/overview/,2026-09-14
Audi,Q4 e-tron,2026,"2026 Audi Q4 e-tron Specs, Price & Trims",/2026/08/2026-audi-q4-e-tron-specs-price-and-trims.html,"$50,600",https://www.audiusa.com/en/models/q4/q4-e-tron/2026/overview/,2026-09-14
Audi,Q6 e-tron,2027,"2027 Audi Q6 e-tron Specs, Price & Trims",/2026/08/2027-audi-q6-e-tron-specs-price-and-trims.html,"$64,500",https://www.audiusa.com/en/models/q6-e-tron/q6-e-tron/2027/overview/,2026-09-14
Audi,A6 e-tron,2027,"2027 Audi A6 e-tron Specs, Price & Trims",/2026/08/2027-audi-a6-e-tron-specs-price-and-trims.html,"$66,700",https://www.audiusa.com/en/models/a6-e-tron/a6-sportback-e-tron/2027/overview/,2026-09-14
Audi,e-tron GT,2027,"2027 Audi e-tron GT Specs, Price & Trims",/2026/08/2027-audi-e-tron-gt-specs-price-and-trims.html,"$127,700",https://www.audiusa.com/en/models/e-tron-gt/rs-e-tron-gt/2027/overview/,2026-09-14
Porsche,718,2025,"2025 Porsche 718 Specs, Price & Trims",/2026/08/2025-porsche-718-specs-price-and-trims.html,"$75,400",https://www.porsche.com/usa/models/718/configure/,2026-09-14
Porsche,911,2026,"2026 Porsche 911 Specs, Price & Trims",/2026/08/2026-porsche-911-specs-price-and-trims.html,"$135,500",https://www.porsche.com/usa/models/911/configure/,2026-09-14
Porsche,Taycan,2027,"2027 Porsche Taycan Specs, Price & Trims",/2026/08/2027-porsche-taycan-specs-price-and-trims.html,"$111,900",https://www.porsche.com/usa/models/taycan/configure/,2026-09-14
Porsche,Panamera,2027,"2027 Porsche Panamera Specs, Price & Trims",/2026/08/2027-porsche-panamera-specs-price-and-trims.html,"$113,000",https://www.porsche.com/usa/models/panamera/,2026-09-14
Porsche,Macan,2026,"2026 Porsche Macan Specs, Price & Trims",/2026/08/2026-porsche-macan-specs-price-and-trims.html,"$65,400",https://www.porsche.com/usa/models/macan/configure/,2026-09-14
Porsche,Macan Electric,2027,"2027 Porsche Macan Electric Specs, Price & Trims",/2026/08/2027-porsche-macan-electric-specs-price-and-trims.html,"$80,300",https://www.porsche.com/usa/models/macan/configure/,2026-09-14
Porsche,Cayenne,2027,"2027 Porsche Cayenne Specs, Price & Trims",/2026/08/2027-porsche-cayenne-specs-price-and-trims.html,"$89,900",https://www.porsche.com/usa/models/cayenne/,2026-09-14
Porsche,Cayenne Electric,2026,"2026 Porsche Cayenne Electric Specs, Price & Trims",/2026/08/2026-porsche-cayenne-electric-specs-price-and-trims.html,"$109,000",https://www.porsche.com/usa/models/cayenne/,2026-09-14
Lexus,IS,2026,"2026 Lexus IS Specs, Price & Trims",/2026/08/2026-lexus-is-specs-price-and-trims.html,"$46,895",https://pressroom.lexus.com/2026-lexus-is-perfecting-the-sport-sedan/,2026-09-14
Lexus,ES,2027,"2027 Lexus ES Specs, Price & Trims",/2026/08/2027-lexus-es-specs-price-and-trims.html,"$49,005",https://www.lexus.com/models/ES,2026-09-14
Lexus,LS,2026,"2026 Lexus LS Specs, Price & Trims",/2026/08/2026-lexus-ls-specs-price-and-trims.html,"$99,380",https://pressroom.lexus.com/2026-lexus-ls-a-homage-to-the-original/,2026-09-14
Lexus,LC,2026,"2026 Lexus LC Specs, Price & Trims",/2026/08/2026-lexus-lc-specs-price-and-trims.html,"$101,800",https://pressroom.lexus.com/tangible-elegance-the-2026-lexus-lc-500/,2026-09-14
Lexus,UX,2026,"2026 Lexus UX Specs, Price & Trims",/2026/08/2026-lexus-ux-specs-price-and-trims.html,"$38,850",https://pressroom.lexus.com/2026-lexus-ux-300h-a-powerful-hybrid-hatchback/,2026-09-14
Lexus,NX,2026,"2026 Lexus NX Specs, Price & Trims",/2026/08/2026-lexus-nx-specs-price-and-trims.html,"$45,570",https://pressroom.lexus.com/2026-lexus-nx-adds-grades-and-drivetrain/,2026-09-14
Lexus,RX,2026,"2026 Lexus RX Specs, Price & Trims",/2026/08/2026-lexus-rx-specs-price-and-trims.html,"$52,775",https://pressroom.lexus.com/2026-lexus-rx-extending-the-range/,2026-09-14
Lexus,TX,2026,"2026 Lexus TX Specs, Price & Trims",/2026/08/2026-lexus-tx-specs-price-and-trims.html,"$58,690",https://pressroom.lexus.com/style-utility-and-comfort-the-2026-lexus-tx/,2026-09-14
Lexus,GX,2026,"2026 Lexus GX Specs, Price & Trims",/2026/08/2026-lexus-gx-specs-price-and-trims.html,"$68,335",https://pressroom.lexus.com/2026-lexus-gx/,2026-09-14
Lexus,LX,2026,"2026 Lexus LX Specs, Price & Trims",/2026/08/2026-lexus-lx-specs-price-and-trims.html,"$108,050",https://pressroom.lexus.com/lexus-flagship-suv-returns-for-2026-with-an-f-sport-appearance-package/,2026-09-14
Lexus,RZ,2026,"2026 Lexus RZ Specs, Price & Trims",/2026/08/2026-lexus-rz-specs-price-and-trims.html,"$47,395",https://pressroom.lexus.com/2026-lexus-rz-adds-more-power-and-performance-2/,2026-09-14
Volvo,EX30,2026,"2026 Volvo EX30 Specs, Price & Trims",/2026/08/2026-volvo-ex30-specs-price-and-trims.html,"$40,345",https://www.volvocars.com/us/cars/ex30-electric/,2026-09-14
Volvo,EX40,2026,"2026 Volvo EX40 Specs, Price & Trims",/2026/08/2026-volvo-ex40-specs-price-and-trims.html,"$56,545",https://www.volvocars.com/us/cars/ex40-electric/,2026-09-14
Volvo,EX90,2026,"2026 Volvo EX90 Specs, Price & Trims",/2026/08/2026-volvo-ex90-specs-price-and-trims.html,"$78,090",https://www.volvocars.com/us/cars/ex90-electric/,2026-09-14
Volvo,XC40,2026,"2026 Volvo XC40 Specs, Price & Trims",/2026/08/2026-volvo-xc40-specs-price-and-trims.html,"$41,295",https://www.volvocars.com/us/cars/xc40/,2026-09-14
Volvo,XC60,2026,"2026 Volvo XC60 Specs, Price & Trims",/2026/08/2026-volvo-xc60-specs-price-and-trims.html,"$51,095",https://www.volvocars.com/us/cars/xc60/,2026-09-14
Volvo,XC90,2026,"2026 Volvo XC90 Specs, Price & Trims",/2026/08/2026-volvo-xc90-specs-price-and-trims.html,"$62,445",https://www.volvocars.com/us/cars/xc90/,2026-09-14
Volvo,V60 Cross Country,2026,"2026 Volvo V60 Cross Country Specs, Price & Trims",/2026/08/2026-volvo-v60-cross-country-specs-price-and-trims.html,"$48,695",https://www.volvocars.com/us/cars/v60-cross-country/,2026-09-14
Subaru,Outback,2026,"2026 Subaru Outback Specs, Price & Trims",/2026/08/2026-subaru-outback-specs-price-and-trims.html,"$34,995",https://www.subaru.com/vehicles/outback/2026.html,2026-09-14
Subaru,Crosstrek,2026,"2026 Subaru Crosstrek Specs, Price & Trims",/2026/08/2026-subaru-crosstrek-specs-price-and-trims.html,"$26,995",https://www.subaru.com/vehicles/crosstrek/2026.html,2026-09-14
Subaru,Forester,2026,"2026 Subaru Forester Specs, Price & Trims",/2026/08/2026-subaru-forester-specs-price-and-trims.html,"$29,995",https://www.subaru.com/vehicles/forester/2026.html,2026-09-14
Subaru,Uncharted,2027,"2027 Subaru Uncharted Specs, Price & Trims",/2026/08/2027-subaru-uncharted-specs-price-and-trims.html,"$34,995+",https://www.subaru.com/vehicles.html,2026-09-14
Subaru,Solterra,2026,"2026 Subaru Solterra Specs, Price & Trims",/2026/08/2026-subaru-solterra-specs-price-and-trims.html,"$38,495",https://www.subaru.com/vehicles/solterra/2026.html,2026-09-14
Subaru,Trailseeker,2026,"2026 Subaru Trailseeker Specs, Price & Trims",/2026/08/2026-subaru-trailseeker-specs-price-and-trims.html,"$39,995",https://www.subaru.com/vehicles/trailseeker/2026.html,2026-09-14
Subaru,Ascent,2027,"2027 Subaru Ascent Specs, Price & Trims",/2026/08/2027-subaru-ascent-specs-price-and-trims.html,"$40,795",https://www.subaru.com/vehicles/ascent/2027.html,2026-09-14
Subaru,Impreza,2026,"2026 Subaru Impreza Specs, Price & Trims",/2026/08/2026-subaru-impreza-specs-price-and-trims.html,"$26,595",https://www.subaru.com/vehicles/impreza/2026.html,2026-09-14
Subaru,BRZ,2027,"2027 Subaru BRZ Specs, Price & Trims",/2026/08/2027-subaru-brz-specs-price-and-trims.html,"$36,140",https://www.subaru.com/vehicles/brz/2027.html,2026-09-14
Subaru,WRX,2026,"2026 Subaru WRX Specs, Price & Trims",/2026/08/2026-subaru-wrx-specs-price-and-trims.html,"$32,495",https://www.subaru.com/vehicles/wrx/2026.html,2026-09-14
Mazda,Mazda3,2027,"2027 Mazda Mazda3 Specs, Price & Trims",/2026/08/2027-mazda-mazda3-specs-price-and-trims.html,"$24,650+ sedan / $25,650+ hatch",https://www.mazdausa.com/vehicles,2026-09-14
Mazda,CX-90,2026,"2026 Mazda CX-90 Specs, Price & Trims",/2026/08/2026-mazda-cx-90-specs-price-and-trims.html,"$39,300",https://www.mazdausa.com/vehicles/cx-90,2026-09-14
Mazda,CX-70,2026,"2026 Mazda CX-70 Specs, Price & Trims",/2026/08/2026-mazda-cx-70-specs-price-and-trims.html,"$42,750",https://www.mazdausa.com/vehicles/cx-70,2026-09-14
Mazda,CX-50,2026,"2026 Mazda CX-50 Specs, Price & Trims",/2026/08/2026-mazda-cx-50-specs-price-and-trims.html,"$29,900",https://www.mazdausa.com/vehicles/cx-50,2026-09-14
Mazda,CX-30,2026,"2026 Mazda CX-30 Specs, Price & Trims",/2026/08/2026-mazda-cx-30-specs-price-and-trims.html,"$26,375",https://www.mazdausa.com/vehicles/cx-30,2026-09-14
Mazda,CX-5,2026,"2026 Mazda CX-5 Specs, Price & Trims",/2026/08/2026-mazda-cx-5-specs-price-and-trims.html,"$29,990",https://www.mazdausa.com/vehicles/cx-5,2026-09-14
Mazda,MX-5 Miata,2026,"2026 Mazda MX-5 Miata Specs, Price & Trims",/2026/08/2026-mazda-mx-5-miata-specs-price-and-trims.html,"$30,430",https://www.mazdausa.com/vehicles/mx-5-miata,2026-09-14
Mazda,Mazda3 Sedan,2026,"2026 Mazda Mazda3 Sedan Specs, Price & Trims",/2026/08/2026-mazda-mazda3-sedan-specs-price-and-trims.html,"$24,650",https://www.mazdausa.com/vehicles/mazda3-sedan,2026-09-14
Mazda,Mazda3 Hatchback,2026,"2026 Mazda Mazda3 Hatchback Specs, Price & Trims",/2026/08/2026-mazda-mazda3-hatchback-specs-price-and-trims.html,"$25,650",https://www.mazdausa.com/vehicles/mazda3-hatchback,2026-09-14
Mazda,MX-5 Miata RF,2026,"2026 Mazda MX-5 Miata RF Specs, Price & Trims",/2026/08/2026-mazda-mx-5-miata-rf-specs-price-and-trims.html,"$38,450",https://www.mazdausa.com/vehicles/mx-5-miata-rf,2026-09-14
Mazda,CX-50 Hybrid,2026,"2026 Mazda CX-50 Hybrid Specs, Price & Trims",/2026/08/2026-mazda-cx-50-hybrid-specs-price-and-trims.html,"$34,750",https://www.mazdausa.com/vehicles/cx-50-hybrid,2026-09-14
Mazda,CX-70 PHEV,2026,"2026 Mazda CX-70 PHEV Specs, Price & Trims",/2026/08/2026-mazda-cx-70-phev-specs-price-and-trims.html,"$44,450",https://www.mazdausa.com/vehicles/cx-70-phev,2026-09-14
Mazda,CX-90 PHEV,2026,"2026 Mazda CX-90 PHEV Specs, Price & Trims",/2026/08/2026-mazda-cx-90-phev-specs-price-and-trims.html,"$50,695",https://www.mazdausa.com/vehicles/cx-90-phev,2026-09-14
Jeep,Compass,2026,"2026 Jeep Compass Specs, Price & Trims",/2026/08/2026-jeep-compass-specs-price-and-trims.html,"$29,550",https://www.jeep.com/compass.html,2026-09-14
Jeep,Cherokee,2026,"2026 Jeep Cherokee Specs, Price & Trims",/2026/08/2026-jeep-cherokee-specs-price-and-trims.html,"$35,000",https://www.jeep.com/cherokee.html,2026-09-14
Jeep,Wrangler,2026,"2026 Jeep Wrangler Specs, Price & Trims",/2026/08/2026-jeep-wrangler-specs-price-and-trims.html,"$36,035",https://www.jeep.com/wrangler.html,2026-09-14
Jeep,Grand Cherokee,2026,"2026 Jeep Grand Cherokee Specs, Price & Trims",/2026/08/2026-jeep-grand-cherokee-specs-price-and-trims.html,"$39,515",https://www.jeep.com/grand-cherokee.html,2026-09-14
Jeep,Gladiator,2026,"2026 Jeep Gladiator Specs, Price & Trims",/2026/08/2026-jeep-gladiator-specs-price-and-trims.html,"$39,820",https://www.jeep.com/gladiator.html,2026-09-14
Jeep,Grand Wagoneer,2026,"2026 Jeep Grand Wagoneer Specs, Price & Trims",/2026/08/2026-jeep-grand-wagoneer-specs-price-and-trims.html,"$64,690",https://www.jeep.com/grand-wagoneer.html,2026-09-14
Jeep,Wagoneer S,2026,"2026 Jeep Wagoneer S Specs, Price & Trims",/2026/08/2026-jeep-wagoneer-s-specs-price-and-trims.html,"$65,200",https://www.jeep.com/wagoneer-s.html,2026-09-14
Jeep,Recon,2026,"2026 Jeep Recon Specs, Price & Trims",/2026/08/2026-jeep-recon-specs-price-and-trims.html,"$66,995",https://www.jeep.com/recon.html,2026-09-14
Jeep,Wrangler 4xe,2026,"2026 Jeep Wrangler 4xe Specs, Price & Trims",/2026/08/2026-jeep-wrangler-4xe-specs-price-and-trims.html,Not published,https://www.jeep.com/wrangler-4xe.html,2026-09-14
Land Rover,Range Rover,2026,"2026 Land Rover Range Rover Specs, Price & Trims",/2026/08/2026-land-rover-range-rover-specs-price-and-trims.html,"$113,300",https://www.rangerover.com/en-us/range-rover/models-and-specifications.html,2026-09-14
Land Rover,Range Rover Sport,2026,"2026 Land Rover Range Rover Sport Specs, Price & Trims",/2026/08/2026-land-rover-range-rover-sport-specs-price-and-trims.html,"$83,700",https://www.rangerover.com/en-us/range-rover-sport/models-and-specifications.html,2026-09-14
Land Rover,Range Rover Velar,2026,"2026 Land Rover Range Rover Velar Specs, Price & Trims",/2026/08/2026-land-rover-range-rover-velar-specs-price-and-trims.html,"$61,600",https://www.rangerover.com/en-us/range-rover-velar/models-and-specifications.html,2026-09-14
Land Rover,Range Rover Evoque,2026,"2026 Land Rover Range Rover Evoque Specs, Price & Trims",/2026/08/2026-land-rover-range-rover-evoque-specs-price-and-trims.html,"$49,900",https://www.rangerover.com/en-us/range-rover-evoque/models-and-specifications.html,2026-09-14
Land Rover,Defender,2027,"2027 Land Rover Defender Specs, Price & Trims",/2026/08/2027-land-rover-defender-specs-price-and-trims.html,"$61,000",https://www.landroverusa.com/build-your-own/defender.html,2026-09-14
Land Rover,Discovery,2026,"2026 Land Rover Discovery Specs, Price & Trims",/2026/08/2026-land-rover-discovery-specs-price-and-trims.html,"$64,900",https://www.landroverusa.com/discovery/discovery/models-and-specifications.html,2026-09-14
Land Rover,Discovery Sport,2026,"2026 Land Rover Discovery Sport Specs, Price & Trims",/2026/08/2026-land-rover-discovery-sport-specs-price-and-trims.html,"$49,900",https://www.landroverusa.com/discovery/discovery-sport/models-and-specifications.html,2026-09-14
Genesis,G70,2026,"2026 Genesis G70 Specs, Price & Trims",/2026/08/2026-genesis-g70-specs-price-and-trims.html,"$43,450",https://www.genesis.com/us/en/g70,2026-09-14
Genesis,G80,2027,"2027 Genesis G80 Specs, Price & Trims",/2026/08/2027-genesis-g80-specs-price-and-trims.html,"$59,450",https://www.genesis.com/us/en/g80,2026-09-14
Genesis,G90,2026,"2026 Genesis G90 Specs, Price & Trims",/2026/08/2026-genesis-g90-specs-price-and-trims.html,"$92,700",https://www.genesis.com/us/en/build-and-price/2026/g90,2026-09-14
Genesis,GV60,2027,"2027 Genesis GV60 Specs, Price & Trims",/2026/08/2027-genesis-gv60-specs-price-and-trims.html,"$46,250",https://www.genesis.com/us/en/gv60,2026-09-14
Genesis,GV60 Magma,2027,"2027 Genesis GV60 Magma Specs, Price & Trims",/2026/08/2027-genesis-gv60-magma-specs-price-and-trims.html,"$69,950",https://www.genesis.com/us/en/gv60-magma,2026-09-14
Genesis,GV70,2027,"2027 Genesis GV70 Specs, Price & Trims",/2026/08/2027-genesis-gv70-specs-price-and-trims.html,"$49,350",https://www.genesis.com/us/en/gv70,2026-09-14
Genesis,Electrified GV70,2027,"2027 Genesis Electrified GV70 Specs, Price & Trims",/2026/08/2027-genesis-electrified-gv70-specs-price-and-trims.html,"$58,500",https://www.genesis.com/us/en/electrified-gv70,2026-09-14
Genesis,GV80,2027,"2027 Genesis GV80 Specs, Price & Trims",/2026/08/2027-genesis-gv80-specs-price-and-trims.html,"$58,850",https://www.genesis.com/us/en/gv80,2026-09-14
Genesis,GV80 Coupe,2027,"2027 Genesis GV80 Coupe Specs, Price & Trims",/2026/08/2027-genesis-gv80-coupe-specs-price-and-trims.html,"$77,200",https://www.genesis.com/us/en/gv80-coupe,2026-09-14
GMC,Terrain,2027,"2027 GMC Terrain Specs, Price & Trims",/2026/08/2027-gmc-terrain-specs-price-and-trims.html,"$30,400",https://www.gmc.com/suvs/terrain,2026-09-14
GMC,Canyon,2026,"2026 GMC Canyon Specs, Price & Trims",/2026/08/2026-gmc-canyon-specs-price-and-trims.html,"$38,900",https://www.gmc.com/trucks/canyon,2026-09-14
GMC,Acadia,2026,"2026 GMC Acadia Specs, Price & Trims",/2026/08/2026-gmc-acadia-specs-price-and-trims.html,"$43,800",https://www.gmc.com/suvs/previous-year/acadia,2026-09-14
GMC,Yukon,2026,"2026 GMC Yukon Specs, Price & Trims",/2026/08/2026-gmc-yukon-specs-price-and-trims.html,"$69,600",https://www.gmc.com/suvs/yukon,2026-09-14
GMC,Yukon XL,2026,"2026 GMC Yukon XL Specs, Price & Trims",/2026/08/2026-gmc-yukon-xl-specs-price-and-trims.html,"$72,600",https://www.gmc.com/suvs/yukon,2026-09-14
GMC,Sierra 1500,2026,"2026 GMC Sierra 1500 Specs, Price & Trims",/2026/08/2026-gmc-sierra-1500-specs-price-and-trims.html,"$38,300",https://www.gmc.com/trucks/sierra/1500,2026-09-14
GMC,Sierra HD,2027,"2027 GMC Sierra HD Specs, Price & Trims",/2026/08/2027-gmc-sierra-hd-specs-price-and-trims.html,"$47,000+",https://www.gmc.com/vehicles,2026-09-14
GMC,Sierra EV,2026,"2026 GMC Sierra EV Specs, Price & Trims",/2026/08/2026-gmc-sierra-ev-specs-price-and-trims.html,"$62,400",https://www.gmc.com/electric/sierra-ev,2026-09-14
GMC,HUMMER EV Pickup,2026,"2026 GMC HUMMER EV Pickup Specs, Price & Trims",/2026/08/2026-gmc-hummer-ev-pickup-specs-price-and-trims.html,"$97,200",https://www.gmc.com/electric/hummer-ev/pickup-truck,2026-09-14
GMC,HUMMER EV SUV,2026,"2026 GMC HUMMER EV SUV Specs, Price & Trims",/2026/08/2026-gmc-hummer-ev-suv-specs-price-and-trims.html,"$97,200",https://www.gmc.com/electric/hummer-ev/suv,2026-09-14
GMC,Savana Cargo,2027,"2027 GMC Savana Cargo Specs, Price & Trims",/2026/08/2027-gmc-savana-cargo-specs-price-and-trims.html,"$42,200+",https://www.gmc.com/vehicles,2026-09-14
GMC,Savana Passenger,2027,"2027 GMC Savana Passenger Specs, Price & Trims",/2026/08/2027-gmc-savana-passenger-specs-price-and-trims.html,"$47,950+",https://www.gmc.com/vehicles,2026-09-14
GMC,Sierra 2500HD,2026,"2026 GMC Sierra 2500HD Specs, Price & Trims",/2026/08/2026-gmc-sierra-2500hd-specs-price-and-trims.html,"$47,000",https://www.gmc.com/trucks/sierra/2500hd-3500hd,2026-09-14
GMC,Sierra 3500HD,2026,"2026 GMC Sierra 3500HD Specs, Price & Trims",/2026/08/2026-gmc-sierra-3500hd-specs-price-and-trims.html,"$47,900",https://www.gmc.com/trucks/sierra/2500hd-3500hd,2026-09-14
GMC,Sierra 3500HD Chassis Cab,2026,"2026 GMC Sierra 3500HD Chassis Cab Specs, Price & Trims",/2026/08/2026-gmc-sierra-3500hd-chassis-cab-specs-price-and-trims.html,"$47,500",https://www.gmc.com/trucks/sierra-3500hd-chassis-cab,2026-09-14
GMC,Savana Cargo 2500,2027,"2027 GMC Savana Cargo 2500 Specs, Price & Trims",/2026/08/2027-gmc-savana-cargo-2500-specs-price-and-trims.html,"$42,700",https://www.gmc.com/vans/previous-year/savana/cargo,2026-09-14
GMC,Savana Cargo 3500,2027,"2027 GMC Savana Cargo 3500 Specs, Price & Trims",/2026/08/2027-gmc-savana-cargo-3500-specs-price-and-trims.html,"$46,650",https://www.gmc.com/vans/previous-year/savana/cargo,2026-09-14
GMC,Savana Passenger 2500,2027,"2027 GMC Savana Passenger 2500 Specs, Price & Trims",/2026/08/2027-gmc-savana-passenger-2500-specs-price-and-trims.html,"$48,550",https://www.gmc.com/vans/previous-year/savana/passenger,2026-09-14
GMC,Savana Passenger 3500,2027,"2027 GMC Savana Passenger 3500 Specs, Price & Trims",/2026/08/2027-gmc-savana-passenger-3500-specs-price-and-trims.html,"$49,750",https://www.gmc.com/vans/previous-year/savana/passenger,2026-09-14
Ram,Ram 1500,2026,"2026 Ram Ram 1500 Specs, Price & Trims",/2026/08/2026-ram-ram-1500-specs-price-and-trims.html,"$42,025",https://www.ramtrucks.com/bmo.ram_1500_dt.html,2026-09-14
Ram,Ram 2500,2026,"2026 Ram Ram 2500 Specs, Price & Trims",/2026/08/2026-ram-ram-2500-specs-price-and-trims.html,"$46,855",https://www.ramtrucks.com/bmo.ram_2500.html,2026-09-14
Ram,Ram 3500,2026,"2026 Ram Ram 3500 Specs, Price & Trims",/2026/08/2026-ram-ram-3500-specs-price-and-trims.html,"$48,155",https://www.ramtrucks.com/bmo.ram_3500.html,2026-09-14
Ram,Ram Chassis Cab,2026,"2026 Ram Ram Chassis Cab Specs, Price & Trims",/2026/08/2026-ram-ram-chassis-cab-specs-price-and-trims.html,"$48,605",https://www.ramtrucks.com/ram-chassis-cab.html,2026-09-14
Ram,Ram ProMaster,2026,"2026 Ram Ram ProMaster Specs, Price & Trims",/2026/08/2026-ram-ram-promaster-specs-price-and-trims.html,"$49,065",https://www.ramtrucks.com/bmo.ram_promaster.html,2026-09-14
Ram,Ram ProMaster EV,2026,"2026 Ram Ram ProMaster EV Specs, Price & Trims",/2026/08/2026-ram-ram-promaster-ev-specs-price-and-trims.html,"$56,495",https://www.ramtrucks.com/electric/ram-promaster-ev.html,2026-09-14
Ram,Ram 1500 REV,2026,"2026 Ram Ram 1500 REV Specs, Price & Trims",/2026/08/2026-ram-ram-1500-rev-specs-price-and-trims.html,Price not announced,https://www.ramtrucks.com/electric/1500-rev.html,2026-09-14
